{"timestamps": [1513603889.352731, 1513603892.557936, 1513603898.104268, 1513603902.016377, 1513603905.629421, 1513603917.063307, 1513603919.878969, 1513603923.520461, 1513603925.211325, 1513603927.197199, 1513603929.685392, 1513603932.257454, 1513603936.265081, 1513603937.373753, 1513603942.527055, 1513603946.445413, 1513603949.948969, 1513603951.211404, 1513603960.648136, 1513603965.608799, 1513603968.534689, 1513603977.769422, 1513603982.522352, 1513603986.485257, 1513603993.005193], "initial_reset_timestamp": 1513603885.61442, "episode_types": ["t", "t", "t", "t", "t", "t", "t", "t", "t", "t", "t", "t", "t", "t", "t", "t", "t", "t", "t", "t", "t", "t", "t", "t", "t", "t"], "episode_lengths": [191, 175, 299, 227, 189, 598, 186, 188, 111, 105, 149, 113, 182, 73, 261, 189, 183, 70, 473, 247, 147, 414, 222, 222, 298], "episode_rewards": [-1.0, -2.0, 2.0, 0.0, -1.0, 10.0, -1.0, -1.0, -3.0, -3.0, -2.0, -3.0, -1.0, -4.0, 1.0, -1.0, -1.0, -4.0, 6.0, 0.0, -2.0, 5.0, 0.0, 0.0, 2.0]}