{"timestamps": [1513604768.570191, 1513604771.460887, 1513604773.311139], "initial_reset_timestamp": 1513604761.834069, "episode_types": ["t", "t", "t", "t"], "episode_lengths": [710, 335, 211], "episode_rewards": [13.0, 3.0, -1.0]}