{"timestamps": [1513061343.525663, 1513061345.259887, 1513061346.86057, 1513061348.461335, 1513061350.262295, 1513061352.230002, 1513061354.297751, 1513061356.265436, 1513061357.96622], "initial_reset_timestamp": 1513061341.55915, "episode_types": ["t", "t", "t", "t", "t", "t", "t", "t", "t", "t"], "episode_lengths": [50, 47, 47, 48, 54, 59, 62, 59, 50], "episode_rewards": [-5.0, -5.0, -5.0, -5.0, -5.0, -5.0, -5.0, -5.0, -5.0]}